{"cameraMode":{"drawMode":0,"name":"Shaded","section":"Shading Mode"},"sceneLighting":false,"audioPlay":false,"sceneViewState":{"m_AlwaysRefresh":false,"showFog":false,"showSkybox":false,"showFlares":false,"showImageEffects":false,"showParticleSystems":false,"showVisualEffectGraphs":true,"m_FxEnabled":true},"in2DMode":false,"pivot":{"x":0.0016113221645355225,"y":1.0518873929977418,"z":-0.07398355007171631},"rotation":{"x":0.019814057275652887,"y":0.9793045520782471,"z":-0.16186992824077607,"w":0.11987350881099701},"size":0.6016836166381836,"orthographic":false}